timestamp,topic,bloom_level,question_id,selected,correct_option,is_correct
2025-10-03 16:52:24,Basic Syntax,Analyze,178,a,a,True
2025-10-03 16:52:39,Basic Syntax,Analyze,340,a,a,True
2025-10-03 16:52:52,Basic Syntax,Apply,290,b,a,False
2025-10-03 16:53:30,Basic Syntax,Apply,286,c,a,False
2025-10-03 16:53:36,Basic Syntax,Apply,235,a,a,True
2025-10-03 16:54:03,Basic Syntax,Apply,240,b,a,False
2025-10-03 16:54:13,Basic Syntax,Apply,271,b,a,False
2025-10-03 16:54:23,Basic Syntax,Apply,287,b,a,False
2025-10-03 16:54:35,Basic Syntax,Apply,219,a,a,True
2025-10-03 16:54:42,Basic Syntax,Evaluate,444,a,a,True
2025-10-03 16:54:49,Basic Syntax,Evaluate,486,a,a,True
2025-10-03 16:54:55,Basic Syntax,Remember,89,a,a,True
2025-10-03 16:55:01,Basic Syntax,Remember,72,a,b,False
