timestamp,question_id,topic,bloom_level,selected,correct_answer,correct
2025-10-03 08:33:11,6114,Basic Syntax,Remember,a,c,False
2025-10-03 08:33:49,12473,Basic Syntax,Remember,a,b,False
2025-10-03 08:33:54,12481,Basic Syntax,Remember,a,a,True
2025-10-03 08:33:57,6136,Basic Syntax,Remember,a,b,False
2025-10-03 08:33:59,6143,Basic Syntax,Remember,a,b,False
2025-10-03 08:34:01,12477,Basic Syntax,Remember,a,a,True
2025-10-03 08:34:03,12493,Basic Syntax,Remember,a,a,True
2025-10-03 08:34:04,12564,Basic Syntax,Understand,a,a,True
2025-10-03 08:34:09,6123,Basic Syntax,Understand,a,b,False
2025-10-03 08:34:12,12554,Basic Syntax,Understand,a,b,False
2025-10-03 08:34:16,6207,Basic Syntax,Understand,a,a,True
2025-10-03 08:34:18,111,Basic Syntax,Understand,a,a,True
2025-10-03 08:34:21,6303,Basic Syntax,Apply,a,b,False
2025-10-03 08:34:25,235,Basic Syntax,Apply,a,a,True
2025-10-03 08:34:28,6453,Basic Syntax,Apply,a,b,False
2025-10-03 08:34:35,12649,Basic Syntax,Apply,a,c,False
2025-10-03 08:34:38,6377,Basic Syntax,Apply,a,c,False
2025-10-03 08:34:41,12663,Basic Syntax,Apply,a,a,True
2025-10-03 08:34:49,290,Basic Syntax,Apply,a,a,True
2025-10-03 08:34:54,340,Basic Syntax,Analyze,a,a,True
2025-10-03 08:34:56,6472,Basic Syntax,Analyze,a,a,True
2025-10-03 08:34:59,6451,Basic Syntax,Analyze,a,a,True
2025-10-03 08:35:03,421,Basic Syntax,Evaluate,a,a,True
2025-10-03 08:35:08,458,Basic Syntax,Evaluate,a,a,True
2025-10-03 08:35:09,414,Basic Syntax,Evaluate,a,a,True
2025-10-03 08:35:12,491,Basic Syntax,Evaluate,a,a,True
2025-10-03 08:35:14,425,Basic Syntax,Evaluate,a,a,True
2025-10-03 08:35:17,439,Basic Syntax,Evaluate,a,b,False
2025-10-03 08:35:19,476,Basic Syntax,Evaluate,a,a,True
2025-10-03 08:35:21,475,Basic Syntax,Evaluate,a,a,True
2025-10-03 08:35:23,486,Basic Syntax,Evaluate,a,a,True
2025-10-03 08:35:25,500,Basic Syntax,Evaluate,a,a,True
2025-10-03 08:35:28,432,Basic Syntax,Evaluate,a,a,True
2025-10-03 08:35:31,410,Basic Syntax,Evaluate,a,b,False
2025-10-03 08:35:33,456,Basic Syntax,Evaluate,a,a,True
2025-10-03 08:35:36,466,Basic Syntax,Evaluate,a,a,True
2025-10-03 08:35:38,408,Basic Syntax,Evaluate,a,a,True
2025-10-03 08:35:40,498,Basic Syntax,Evaluate,a,a,True
2025-10-03 08:35:42,454,Basic Syntax,Evaluate,a,a,True
2025-10-03 08:35:45,465,Basic Syntax,Evaluate,a,a,True
2025-10-03 08:35:47,473,Basic Syntax,Evaluate,a,a,True
2025-10-03 08:35:49,484,Basic Syntax,Evaluate,a,a,True
2025-10-03 08:35:51,434,Basic Syntax,Evaluate,a,b,False
2025-10-03 08:35:53,463,Basic Syntax,Evaluate,a,d,False
2025-10-03 08:35:56,481,Basic Syntax,Evaluate,a,a,True
2025-10-03 08:35:58,448,Basic Syntax,Evaluate,a,a,True
2025-10-03 08:36:00,440,Basic Syntax,Evaluate,a,b,False
2025-10-03 08:36:03,407,Basic Syntax,Evaluate,a,a,True
2025-10-03 08:36:08,451,Basic Syntax,Evaluate,a,a,True
2025-10-03 08:36:10,477,Basic Syntax,Evaluate,a,b,False
2025-10-03 08:36:13,419,Basic Syntax,Evaluate,a,a,True
2025-10-03 08:36:15,459,Basic Syntax,Evaluate,a,a,True
2025-10-03 08:37:00,478,Basic Syntax,Evaluate,a,c,False
2025-10-03 08:37:03,490,Basic Syntax,Evaluate,a,a,True
2025-10-03 08:37:05,442,Basic Syntax,Evaluate,a,a,True
2025-10-03 08:37:07,503,Basic Syntax,Evaluate,a,a,True
2025-10-03 08:37:09,479,Basic Syntax,Evaluate,a,c,False
2025-10-03 08:37:11,436,Basic Syntax,Evaluate,a,a,True
2025-10-03 08:37:13,485,Basic Syntax,Evaluate,a,a,True
2025-10-03 08:37:16,493,Basic Syntax,Evaluate,a,a,True
2025-10-03 08:37:19,430,Basic Syntax,Evaluate,a,a,True
2025-10-03 08:37:21,413,Basic Syntax,Evaluate,a,a,True
2025-10-03 08:37:24,431,Basic Syntax,Evaluate,a,b,False
2025-10-03 08:37:57,449,Basic Syntax,Evaluate,a,a,True
2025-10-03 08:38:00,426,Basic Syntax,Evaluate,a,a,True
2025-10-03 08:38:03,497,Basic Syntax,Evaluate,a,a,True
2025-10-03 08:38:05,471,Basic Syntax,Evaluate,a,a,True
2025-10-03 08:38:07,12857,Basic Syntax,Evaluate,a,a,True
2025-10-03 08:38:10,462,Basic Syntax,Evaluate,a,a,True
2025-10-03 08:38:12,409,Basic Syntax,Evaluate,a,c,False
2025-10-03 08:38:14,441,Basic Syntax,Evaluate,a,a,True
2025-10-03 08:38:16,487,Basic Syntax,Evaluate,a,a,True
2025-10-03 08:38:18,502,Basic Syntax,Evaluate,a,a,True
